{
    "name": "base16: Twilight (dark)",
    "comment": "@chriskempson's base16 Twilight (dark variant)",
    "use-theme-colors": false,
    "foreground-color": "#a7a7a7",
    "background-color": "#1e1e1e",
    "palette": [
        "#1e1e1e",
        "#cf6a4c",
        "#8f9d6a",
        "#f9ee98",
        "#7587a6",
        "#9b859d",
        "#afc4db",
        "#a7a7a7",
        "#5f5a60",
        "#cf6a4c",
        "#8f9d6a",
        "#f9ee98",
        "#7587a6",
        "#9b859d",
        "#afc4db",
        "#ffffff"
    ]
}
