{
    "name": "Orchis",
    "comment": "Tango but using Orchis foreground/background colors",
    "foreground-color": "#EFEFEF",
    "background-color": "#303030",
    "use-theme-colors": false,
    "use-highlight-color": false,
    "highlight-foreground-color": "#ffffff",
    "highlight-background-color": "#a348b1",
    "use-cursor-color": false,
    "cursor-foreground-color": "#ffffff",
    "cursor-background-color": "#efefef",
    "use-badge-color": true,
    "badge-color": "#ac7ea8",
    "palette": [
        "#000000",
        "#CC0000",
        "#4D9A05",
        "#C3A000",
        "#3464A3",
        "#754F7B",
        "#05979A",
        "#D3D6CF",
        "#545652",
        "#EF2828",
        "#89E234",
        "#FBE84F",
        "#729ECF",
        "#AC7EA8",
        "#34E2E2",
        "#EDEDEB"
    ]
}
