{
    "name": "Solarized Dark",
    "comment": "Taken from Gnome Terminal",
    "use-theme-colors": false,
    "foreground-color": "#829395",
    "background-color": "#002A35",
    "palette": [
        "#063541",
        "#DB312E",
        "#849900",
        "#B48800",
        "#258AD1",
        "#D23581",
        "#29A097",
        "#EDE7D4",
        "#002A35",
        "#CA4A15",
        "#576D74",
        "#647A82",
        "#829395",
        "#6B70C3",
        "#92A0A0",
        "#FCF5E2"
    ]
}